eta_ORC,p_r_ev,eta_tur,m_dot_ORC,P_fan_SI,P_pp,T_ev_C,Function Calls
 1.79159518165236E-0001, 8.05547813562075E-0001, 8.09564834098950E-0001, 1.54791685577609E+0001, 5.59275000000000E+0004, 1.14391524023470E+0004, 1.82518107375008E+0002,1
 1.59979224471875E-0001, 4.24671108500000E-0001, 8.44459798074878E-0001, 1.59401380822543E+0001, 5.59275000000000E+0004, 1.16863013039456E+0004, 1.44025974717260E+0002,2
 1.74955898455227E-0001, 6.25328891500000E-0001, 8.27499104763108E-0001, 1.55976714370438E+0001, 5.59275000000000E+0004, 1.14953529532660E+0004, 1.66637172428438E+0002,3
 1.78772504189134E-0001, 7.49342219376022E-0001, 8.15754277929161E-0001, 1.54973061508455E+0001, 5.59275000000000E+0004, 1.14451399542877E+0004, 1.77903952966401E+0002,4
 1.79055470996415E-0001, 8.25986673592440E-0001, 8.07100738139151E-0001, 1.54775455242652E+0001, 5.59275000000000E+0004, 1.14400324549788E+0004, 1.84129240745859E+0002,5
 1.78190677818872E-0001, 8.73355549067164E-0001, 8.00757449988504E-0001, 1.54864449258141E+0001, 5.59275000000000E+0004, 1.14498663517726E+0004, 1.87734789634944E+0002,6
 1.79161491587586E-0001, 7.96711096104962E-0001, 8.10590427786007E-0001, 1.54807480239578E+0001, 5.59275000000000E+0004, 1.14393118793445E+0004, 1.81810800306884E+0002,7
 1.79089846014424E-0001, 7.78617796516844E-0001, 8.12624678594748E-0001, 1.54855095663076E+0001, 5.59275000000000E+0004, 1.14405776166087E+0004, 1.80341829981548E+0002,8
 1.79154843631405E-0001, 8.07893372617694E-0001, 8.09288796985146E-0001, 1.54788423723721E+0001, 5.59275000000000E+0004, 1.14391673106144E+0004, 1.82704751345859E+0002,9
 1.79145842384040E-0001, 7.89800071510537E-0001, 8.11377416920187E-0001, 1.54823265354856E+0001, 5.59275000000000E+0004, 1.14396476674252E+0004, 1.81253023940483E+0002,10
 1.79163642853958E-0001, 8.00982346586065E-0001, 8.10097490608861E-0001, 1.54799201729515E+0001, 5.59275000000000E+0004, 1.14391951817670E+0004, 1.82153499083835E+0002,11
 1.79162075417176E-0001, 8.03622122187168E-0001, 8.09790246270178E-0001, 1.54794686023593E+0001, 5.59275000000000E+0004, 1.14391600009832E+0004, 1.82364530371327E+0002,12
 1.79163481240315E-0001, 7.99350873162588E-0001, 8.10286377861722E-0001, 1.54802207323268E+0001, 5.59275000000000E+0004, 1.14392301300791E+0004, 1.82022781455200E+0002,13
 1.79163302650508E-0001, 8.01990650239533E-0001, 8.09980370333658E-0001, 1.54797418525184E+0001, 5.59275000000000E+0004, 1.14391781543982E+0004, 1.82234174842206E+0002,14
 1.79163674876843E-0001, 8.00359178279958E-0001, 8.10169727489737E-0001, 1.54800324368711E+0001, 5.59275000000000E+0004, 1.14392069686765E+0004, 1.82103595780449E+0002,15
 1.79163638637438E-0001, 7.99974041461316E-0001, 8.10214317714592E-0001, 1.54801035469310E+0001, 5.59275000000000E+0004, 1.14392153160488E+0004, 1.82072737685079E+0002,16
 1.79163673425547E-0001, 8.00597208300702E-0001, 8.10142147843863E-0001, 1.54799889513373E+0001, 5.59275000000000E+0004, 1.14392020946020E+0004, 1.82122661076889E+0002,17
 1.79163666526794E-0001, 8.00212070012520E-0001, 8.10186764293368E-0001, 1.54800594782082E+0001, 5.59275000000000E+0004, 1.14392100831929E+0004, 1.82091810584221E+0002,18
 1.79163676359663E-0001, 8.00450098565467E-0001, 8.10159194787948E-0001, 1.54800157756868E+0001, 5.59275000000000E+0004, 1.14392050755444E+0004, 1.82110878711442E+0002,19
 1.79163676043168E-0001, 8.00506288016270E-0001, 8.10152684329591E-0001, 1.54800055125719E+0001, 5.59275000000000E+0004, 1.14392039262586E+0004, 1.82115379272038E+0002,20
 1.79163676046768E-0001, 8.00415369198969E-0001, 8.10163218297075E-0001, 1.54800221289238E+0001, 5.59275000000000E+0004, 1.14392057919476E+0004, 1.82108096888788E+0002,21
 1.79163676356329E-0001, 8.00450098565467E-0001, 8.10159194787049E-0001, 1.54800157754292E+0001, 5.59275000000000E+0004, 1.14392050753859E+0004, 1.82110878711442E+0002,22
